PFT,g0_mean,g0_std,g1_mean,g1_std,r2_mean,r2_std
CRO,0.5183272442226761,0.16638686181671364,0.27553153663756513,0.41860502361976326,0.5373921826957196,0.11684469647690054
CSH,0.7468668498539239,0.27687126488095853,0.3706377723412965,0.575560509895261,0.5605966613773185,0.10538401889032425
DBF,0.7358086624562373,0.3041527808242013,0.35397936744197056,0.645388300677669,0.6816286542526039,0.14020201215437392
ENF,0.7330375402806318,0.3601700988825684,0.26607995321946104,0.46723266585509354,0.5462715097967614,0.5118238329735344
GRA,0.579586767202912,0.4006856803505311,3.3222269384438423,9.366439210826965,0.3244435294645413,0.44746652560580497
MF,0.7031595406210562,0.24522529222331155,0.38725797720971405,0.6979542641376522,0.65749625677378,0.18262940888176887
WSA,0.3834681429464291,0.38157274281307424,7.025320596886854,9.815397606665035,0.5977477505334623,0.5598632186007229
