PFT,g1_mean,g1_std,lai_mean,lai_std,r2_mean,r2_std
CRO,5.79,0.0,0.660365448401177,0.07627233718995712,0.472415132381327,0.22546822294142377
CSH,4.7,0.0,1.046191646777554,0.0,0.3990081400895831,0.0
DBF,4.45,0.0,0.8921692365291507,0.10352267509908374,0.1855508229242117,0.40069837098131666
ENF,2.35,0.0,1.1675551738376289,0.1684638320180344,-0.77381119737444,1.6363964957857777
GRA,5.25,0.0,0.9200982574114696,0.1508305339140265,0.49387882439545483,0.553616730478542
