PFT,g1_mean,g1_std,lai_mean,lai_std,r2_mean,r2_std
CRO,12.824582432158289,14.463145645089986,0.8384323067734898,0.6881310768194937,0.6242335417202584,0.0996352684612834
CSH,3.6017954722190537,4.440892098500626e-16,1.0101222818121298,0.0,-2.4638985109488076,0.0
DBF,6.5301319195373635,10.21512385199251,1.170680681643736,0.5363932323546898,0.43528900202491855,0.2825492443250458
ENF,6.695985713230121,4.483780213285341,0.6535230260760938,0.37722713891618437,-0.10967159249989762,0.43737906015801237
GRA,7.983517687625178,12.247617546776366,1.5507829834485523,1.5848642735369733,0.49189388586306027,0.4149195977015632
MF,9.223950122481074,6.116817056090677,0.5618992411066775,0.15766758343481677,0.22415870586485395,0.22242300945687743
WSA,13.76680841673428,0.0,0.3190427397713967,0.0,-2.4326405718078163,0.0
